{
  "text_size": "short",
  "text_length": 240,
  "iterations": 2,
  "benchmarks": [
    {
      "generator": "summary",
      "method_called": "analyze",
      "text_length": 240,
      "text_type": "short",
      "iterations": 2,
      "times": [
        7.295608520507812e-05,
        0.0003452301025390625
      ],
      "start_times": [
        1744349436.763221,
        1744349436.864513
      ],
      "end_times": [
        1744349436.763294,
        1744349436.8648582
      ],
      "avg_time": 0.0002090930938720703,
      "std_dev": 0.00019252680399776395,
      "result_types": [
        "list",
        "list"
      ],
      "result_sizes": [
        24,
        24
      ]
    },
    {
      "generator": "key_terms",
      "method_called": "analyze",
      "text_length": 240,
      "text_type": "short",
      "iterations": 2,
      "times": [
        0.0001800060272216797,
        0.0005643367767333984
      ],
      "start_times": [
        1744349436.96612,
        1744349437.0676858
      ],
      "end_times": [
        1744349436.9663,
        1744349437.0682502
      ],
      "avg_time": 0.00037217140197753906,
      "std_dev": 0.00027176287919824474,
      "result_types": [
        "list",
        "list"
      ],
      "result_sizes": [
        85,
        85
      ]
    }
  ],
  "summary": {
    "summary": 0.0002090930938720703,
    "key_terms": 0.00037217140197753906
  }
}