{
  "text_size": "short",
  "text_length": 240,
  "iterations": 2,
  "benchmarks": [
    {
      "generator": "summary",
      "method_called": "analyze",
      "text_length": 240,
      "text_type": "short",
      "iterations": 2,
      "times": [
        2.9802322387695312e-05,
        0.00011277198791503906
      ],
      "start_times": [
        1744349191.7158542,
        1744349191.816162
      ],
      "end_times": [
        1744349191.715884,
        1744349191.816275
      ],
      "avg_time": 7.128715515136719e-05,
      "std_dev": 5.866841312716449e-05,
      "result_types": [
        "list",
        "list"
      ],
      "result_sizes": [
        24,
        24
      ]
    },
    {
      "generator": "key_terms",
      "method_called": "analyze",
      "text_length": 240,
      "text_type": "short",
      "iterations": 2,
      "times": [
        9.202957153320312e-05,
        0.0004038810729980469
      ],
      "start_times": [
        1744349191.917809,
        1744349192.019167
      ],
      "end_times": [
        1744349191.917901,
        1744349192.0195708
      ],
      "avg_time": 0.000247955322265625,
      "std_dev": 0.00022051231140899757,
      "result_types": [
        "list",
        "list"
      ],
      "result_sizes": [
        85,
        85
      ]
    }
  ],
  "summary": {
    "summary": 7.128715515136719e-05,
    "key_terms": 0.000247955322265625
  }
}