{
  "text_size": "short",
  "text_length": 240,
  "iterations": 2,
  "benchmarks": [
    {
      "generator": "summary",
      "method_called": "analyze",
      "text_length": 240,
      "text_type": "short",
      "iterations": 2,
      "times": [
        6.985664367675781e-05,
        0.0005080699920654297
      ],
      "start_times": [
        1744349574.532525,
        1744349574.633918
      ],
      "end_times": [
        1744349574.532595,
        1744349574.634426
      ],
      "avg_time": 0.00028896331787109375,
      "std_dev": 0.00030986363025209293,
      "result_types": [
        "list",
        "list"
      ],
      "result_sizes": [
        24,
        24
      ]
    },
    {
      "generator": "key_terms",
      "method_called": "analyze",
      "text_length": 240,
      "text_type": "short",
      "iterations": 2,
      "times": [
        0.00017309188842773438,
        0.0003218650817871094
      ],
      "start_times": [
        1744349574.736275,
        1744349574.837713
      ],
      "end_times": [
        1744349574.736448,
        1744349574.8380349
      ],
      "avg_time": 0.0002474784851074219,
      "std_dev": 0.0001051985338831915,
      "result_types": [
        "list",
        "list"
      ],
      "result_sizes": [
        85,
        85
      ]
    }
  ],
  "summary": {
    "summary": 0.00028896331787109375,
    "key_terms": 0.0002474784851074219
  }
}